{"cameraMode":{"drawMode":0,"name":"Shaded","section":"Shading Mode"},"sceneLighting":false,"audioPlay":false,"sceneViewState":{"m_AlwaysRefresh":false,"showFog":true,"showSkybox":false,"showFlares":true,"showImageEffects":true,"showParticleSystems":true,"showVisualEffectGraphs":true,"m_FxEnabled":true},"in2DMode":false,"pivot":{"x":7.144747734069824,"y":3.9998745918273927,"z":14.189397811889649},"rotation":{"x":-0.37168198823928835,"y":0.11788995563983917,"z":-0.04764792323112488,"w":-0.9196109175682068},"size":45.34375762939453,"orthographic":false}